{
    "rmse": 0.728641797733676,
    "mae": 0.5720941796884925,
    "r2": 0.21181146736506506
}